"Strain1","Strain2","Comp","Media","overnightGrowth","Rep","compFitness","Mutant","Background","Template","ID"
"PA01_lacZ_a","PA01","I1","LB_37","1","1",1.00521820934675,"WT","PA01","PA01","WT"
"PA01_lacZ_a","PA01","I1","LB_37","1","2",0.983210150607533,"WT","PA01","PA01","WT"
"PA01_lacZ_a","PA01","I1","LB_37","1","3",1.01292810385627,"WT","PA01","PA01","WT"
"PA01_lacZ_a","PA01","I1","LB_37","1","4",0.983901316389885,"WT","PA01","PA01","WT"
"PA01_lacZ_a","PA01","I1","LB_37","1","5",0.994781790653245,"WT","PA01","PA01","WT"
"PA01_lacZ_a","PA01","I1","LB_37","1","6",1.02468797465545,"WT","PA01","PA01","WT"
"PA01_lacZ_a","1111_11","I2","LB_37","1","1",0.975631981205316,"gyrA_T83I","PA01","PA01","1_11"
"PA01_lacZ_a","1111_11","I2","LB_37","1","2",0.989985263426692,"gyrA_T83I","PA01","PA01","1_11"
"PA01_lacZ_a","1111_11","I2","LB_37","1","3",0.975973416790667,"gyrA_T83I","PA01","PA01","1_11"
"PA01_lacZ_a","1111_11","I2","LB_37","1","4",0.958892109150267,"gyrA_T83I","PA01","PA01","1_11"
"PA01_lacZ_a","1111_11","I2","LB_37","1","5",0.987322761387713,"gyrA_T83I","PA01","PA01","1_11"
"PA01_lacZ_a","1111_21","I3","LB_37","1","1",0.968295979445209,"gyrA_T83I","PA01","PA01","1_21"
"PA01_lacZ_a","1111_21","I3","LB_37","1","2",0.985355680217438,"gyrA_T83I","PA01","PA01","1_21"
"PA01_lacZ_a","1111_21","I3","LB_37","1","3",0.965663517184254,"gyrA_T83I","PA01","PA01","1_21"
"PA01_lacZ_a","1111_21","I3","LB_37","1","5",0.977722068862823,"gyrA_T83I","PA01","PA01","1_21"
"PA01_lacZ_a","1111_21","I3","LB_37","1","6",0.974737491547563,"gyrA_T83I","PA01","PA01","1_21"
"PA01_lacZ_a","1111_31","I4","LB_37","1","1",0.969166325075984,"gyrA_T83I","PA01","PA01","1_31"
"PA01_lacZ_a","1111_31","I4","LB_37","1","2",0.973932285818207,"gyrA_T83I","PA01","PA01","1_31"
"PA01_lacZ_a","1111_31","I4","LB_37","1","3",0.983862459217719,"gyrA_T83I","PA01","PA01","1_31"
"PA01_lacZ_a","1111_31","I4","LB_37","1","4",0.972125246252703,"gyrA_T83I","PA01","PA01","1_31"
"PA01_lacZ_a","1111_31","I4","LB_37","1","5",0.981972515520245,"gyrA_T83I","PA01","PA01","1_31"
"PA01_lacZ_a","1111_31","I4","LB_37","1","6",0.990739121106011,"gyrA_T83I","PA01","PA01","1_31"
"PA01_lacZ_a","2115","I5","LB_37","1","1",0.971058687502662,"parC_S87L","PA01","PA01","5"
"PA01_lacZ_a","2115","I5","LB_37","1","2",0.976901588900588,"parC_S87L","PA01","PA01","5"
"PA01_lacZ_a","2115","I5","LB_37","1","3",0.972143926369086,"parC_S87L","PA01","PA01","5"
"PA01_lacZ_a","2115","I5","LB_37","1","4",0.968881138506601,"parC_S87L","PA01","PA01","5"
"PA01_lacZ_a","2115","I5","LB_37","1","5",0.975405233123267,"parC_S87L","PA01","PA01","5"
"PA01_lacZ_a","2115","I5","LB_37","1","6",0.973583252993437,"parC_S87L","PA01","PA01","5"
"PA01_lacZ_a","2119","I6","LB_37","1","1",0.985736350136998,"parC_S87L","PA01","PA01","9"
"PA01_lacZ_a","2119","I6","LB_37","1","2",0.993658838858998,"parC_S87L","PA01","PA01","9"
"PA01_lacZ_a","2119","I6","LB_37","1","3",0.988142270429478,"parC_S87L","PA01","PA01","9"
"PA01_lacZ_a","2119","I6","LB_37","1","4",0.979713319144288,"parC_S87L","PA01","PA01","9"
"PA01_lacZ_a","2119","I6","LB_37","1","5",0.97404729346823,"parC_S87L","PA01","PA01","9"
"PA01_lacZ_a","3112","I7","LB_37","1","1",0.984478040536495,"parC_S87W","PA01","PA01","2"
"PA01_lacZ_a","3112","I7","LB_37","1","2",0.979609195535402,"parC_S87W","PA01","PA01","2"
"PA01_lacZ_a","3112","I7","LB_37","1","3",0.981867818370846,"parC_S87W","PA01","PA01","2"
"PA01_lacZ_a","3112","I7","LB_37","1","4",0.977449517959633,"parC_S87W","PA01","PA01","2"
"PA01_lacZ_a","3112","I7","LB_37","1","6",0.979851532437114,"parC_S87W","PA01","PA01","2"
"PA01_lacZ_a","311_23","I8","LB_37","1","1",0.977402130344658,"parC_S87W","PA01","PA01","23"
"PA01_lacZ_a","311_23","I8","LB_37","1","3",0.983486047833613,"parC_S87W","PA01","PA01","23"
"PA01_lacZ_a","311_23","I8","LB_37","1","4",0.982820052263997,"parC_S87W","PA01","PA01","23"
"PA01_lacZ_a","311_23","I8","LB_37","1","5",0.970868120827938,"parC_S87W","PA01","PA01","23"
"PA01_lacZ_a","311_23","I8","LB_37","1","6",0.980312581385948,"parC_S87W","PA01","PA01","23"
"PA01_lacZ_a","1_2111_31","I9","LB_37","1","1",0.979488224093979,"gyrA_T83I--parC_S87L","PA01","PA01","1_31"
"PA01_lacZ_a","1_2111_31","I9","LB_37","1","2",0.966533316540673,"gyrA_T83I--parC_S87L","PA01","PA01","1_31"
"PA01_lacZ_a","1_2111_31","I9","LB_37","1","3",0.974204635824558,"gyrA_T83I--parC_S87L","PA01","PA01","1_31"
"PA01_lacZ_a","1_2111_31","I9","LB_37","1","4",0.962610087520445,"gyrA_T83I--parC_S87L","PA01","PA01","1_31"
"PA01_lacZ_a","1_2111_31","I9","LB_37","1","5",0.975958306746973,"gyrA_T83I--parC_S87L","PA01","PA01","1_31"
"PA01_lacZ_a","1_2111_34","I10","LB_37","1","1",0.968746973731341,"gyrA_T83I--parC_S87L","PA01","PA01","1_34"
"PA01_lacZ_a","1_2111_34","I10","LB_37","1","2",0.973702809294568,"gyrA_T83I--parC_S87L","PA01","PA01","1_34"
"PA01_lacZ_a","1_2111_34","I10","LB_37","1","3",0.981877843506495,"gyrA_T83I--parC_S87L","PA01","PA01","1_34"
"PA01_lacZ_a","1_2111_34","I10","LB_37","1","4",0.979368655114161,"gyrA_T83I--parC_S87L","PA01","PA01","1_34"
"PA01_lacZ_a","1_2111_34","I10","LB_37","1","5",0.979332113319613,"gyrA_T83I--parC_S87L","PA01","PA01","1_34"
"PA01_lacZ_a","1_2111_34","I10","LB_37","1","6",0.975000513721939,"gyrA_T83I--parC_S87L","PA01","PA01","1_34"
"PA01_lacZ_a","1_3111","I11","LB_37","1","2",0.97050344526501,"gyrA_T83I--parC_S87W","PA01","PA01","1"
"PA01_lacZ_a","1_3111","I11","LB_37","1","3",0.972094485668129,"gyrA_T83I--parC_S87W","PA01","PA01","1"
"PA01_lacZ_a","1_3111","I11","LB_37","1","5",0.986507860053046,"gyrA_T83I--parC_S87W","PA01","PA01","1"
"PA01_lacZ_a","1_3111","I11","LB_37","1","6",0.964233238460552,"gyrA_T83I--parC_S87W","PA01","PA01","1"
"PA01_lacZ_a","1_3114","I12","LB_37","1","1",0.981663920608231,"gyrA_T83I--parC_S87W","PA01","PA01","4"
"PA01_lacZ_a","1_3114","I12","LB_37","1","2",0.995085357763141,"gyrA_T83I--parC_S87W","PA01","PA01","4"
"PA01_lacZ_a","1_3114","I12","LB_37","1","3",0.968829955767337,"gyrA_T83I--parC_S87W","PA01","PA01","4"
"PA01_lacZ_a","1_3114","I12","LB_37","1","4",0.975409373685452,"gyrA_T83I--parC_S87W","PA01","PA01","4"
"PA01_lacZ_a","1_3114","I12","LB_37","1","5",0.989079813176232,"gyrA_T83I--parC_S87W","PA01","PA01","4"
"PA01_lacZ_a","1_3114","I12","LB_37","1","6",0.98019582798824,"gyrA_T83I--parC_S87W","PA01","PA01","4"
"PA14_lacZ_d","PA14","I13","LB_37","1","1",0.996745618286407,"WT","PA14","PA14","WT"
"PA14_lacZ_d","PA14","I13","LB_37","1","2",1.00992012163152,"WT","PA14","PA14","WT"
"PA14_lacZ_d","PA14","I13","LB_37","1","3",0.974922047343489,"WT","PA14","PA14","WT"
"PA14_lacZ_d","PA14","I13","LB_37","1","4",1.01167651997707,"WT","PA14","PA14","WT"
"PA14_lacZ_d","PA14","I13","LB_37","1","5",1.00325438171359,"WT","PA14","PA14","WT"
"PA14_lacZ_d","PA14","I13","LB_37","1","6",0.996550264431065,"WT","PA14","PA14","WT"
"PA14_lacZ_d","1222_11","I14","LB_37","1","1",0.991294390536648,"gyrA_T83I","PA14","PA14","2_11"
"PA14_lacZ_d","1222_11","I14","LB_37","1","2",1.01337945997906,"gyrA_T83I","PA14","PA14","2_11"
"PA14_lacZ_d","1222_11","I14","LB_37","1","3",0.997020320603684,"gyrA_T83I","PA14","PA14","2_11"
"PA14_lacZ_d","1222_11","I14","LB_37","1","4",1.00048062878463,"gyrA_T83I","PA14","PA14","2_11"
"PA14_lacZ_d","1222_11","I14","LB_37","1","5",0.999481380357897,"gyrA_T83I","PA14","PA14","2_11"
"PA14_lacZ_d","1222_11","I14","LB_37","1","6",0.982874699228725,"gyrA_T83I","PA14","PA14","2_11"
"PA14_lacZ_d","1222_33","I15","LB_37","1","1",0.978773914494644,"gyrA_T83I","PA14","PA14","2_33"
"PA14_lacZ_d","1222_33","I15","LB_37","1","2",1.00178317387559,"gyrA_T83I","PA14","PA14","2_33"
"PA14_lacZ_d","1222_33","I15","LB_37","1","3",0.990988936031968,"gyrA_T83I","PA14","PA14","2_33"
"PA14_lacZ_d","1222_33","I15","LB_37","1","4",0.982888684224137,"gyrA_T83I","PA14","PA14","2_33"
"PA14_lacZ_d","1222_33","I15","LB_37","1","5",0.981955410050233,"gyrA_T83I","PA14","PA14","2_33"
"PA14_lacZ_d","1222_33","I15","LB_37","1","6",0.987350453158824,"gyrA_T83I","PA14","PA14","2_33"
"PA14_lacZ_d","1223_21","I16","LB_37","1","1",0.994349875840531,"gyrA_T83I","PA14","PA14","3_21"
"PA14_lacZ_d","1223_21","I16","LB_37","1","2",0.985212080310355,"gyrA_T83I","PA14","PA14","3_21"
"PA14_lacZ_d","1223_21","I16","LB_37","1","3",1.00337577585941,"gyrA_T83I","PA14","PA14","3_21"
"PA14_lacZ_d","1223_21","I16","LB_37","1","4",0.987244775886981,"gyrA_T83I","PA14","PA14","3_21"
"PA14_lacZ_d","1223_21","I16","LB_37","1","5",0.989129198012979,"gyrA_T83I","PA14","PA14","3_21"
"PA14_lacZ_d","1223_21","I16","LB_37","1","6",0.981257570576357,"gyrA_T83I","PA14","PA14","3_21"
"PA14_lacZ_d","2221_33","I17","LB_37","1","1",0.986211095620484,"parC_S87L","PA14","PA14","1_33"
"PA14_lacZ_d","2221_33","I17","LB_37","1","2",0.985617066713925,"parC_S87L","PA14","PA14","1_33"
"PA14_lacZ_d","2221_33","I17","LB_37","1","3",0.979003666957809,"parC_S87L","PA14","PA14","1_33"
"PA14_lacZ_d","2221_33","I17","LB_37","1","4",0.971587003799948,"parC_S87L","PA14","PA14","1_33"
"PA14_lacZ_d","2221_33","I17","LB_37","1","5",0.985454296044921,"parC_S87L","PA14","PA14","1_33"
"PA14_lacZ_d","2221_33","I17","LB_37","1","6",0.997711668622473,"parC_S87L","PA14","PA14","1_33"
"PA14_lacZ_d","2223_11","I18","LB_37","1","1",0.989560662323617,"parC_S87L","PA14","PA14","3_11"
"PA14_lacZ_d","2223_11","I18","LB_37","1","2",0.977522533710107,"parC_S87L","PA14","PA14","3_11"
"PA14_lacZ_d","2223_11","I18","LB_37","1","3",0.980928143357508,"parC_S87L","PA14","PA14","3_11"
"PA14_lacZ_d","2223_11","I18","LB_37","1","4",0.97150644409728,"parC_S87L","PA14","PA14","3_11"
"PA14_lacZ_d","2223_11","I18","LB_37","1","5",0.974412270753683,"parC_S87L","PA14","PA14","3_11"
"PA14_lacZ_d","2223_11","I18","LB_37","1","6",1.02262131255382,"parC_S87L","PA14","PA14","3_11"
"PA14_lacZ_d","3221_13","I19","LB_37","1","1",0.98446439399642,"parC_S87W","PA14","PA14","1_13"
"PA14_lacZ_d","3221_13","I19","LB_37","1","2",1.00032584279301,"parC_S87W","PA14","PA14","1_13"
"PA14_lacZ_d","3221_13","I19","LB_37","1","3",1.02172344363729,"parC_S87W","PA14","PA14","1_13"
"PA14_lacZ_d","3221_13","I19","LB_37","1","4",1.00775876458625,"parC_S87W","PA14","PA14","1_13"
"PA14_lacZ_d","3221_13","I19","LB_37","1","5",0.995281686655955,"parC_S87W","PA14","PA14","1_13"
"PA14_lacZ_d","3221_13","I19","LB_37","1","6",0.993427629966693,"parC_S87W","PA14","PA14","1_13"
"PA14_lacZ_d","3222_14","I20","LB_37","1","1",0.988521738693639,"parC_S87W","PA14","PA14","2_14"
"PA14_lacZ_d","3222_14","I20","LB_37","1","2",1.00216147703767,"parC_S87W","PA14","PA14","2_14"
"PA14_lacZ_d","3222_14","I20","LB_37","1","3",0.988639307596319,"parC_S87W","PA14","PA14","2_14"
"PA14_lacZ_d","3222_14","I20","LB_37","1","4",1.00118827879283,"parC_S87W","PA14","PA14","2_14"
"PA14_lacZ_d","3222_14","I20","LB_37","1","5",0.991083664570018,"parC_S87W","PA14","PA14","2_14"
"PA14_lacZ_d","3222_14","I20","LB_37","1","6",1.00209529323634,"parC_S87W","PA14","PA14","2_14"
"PA14_lacZ_d","1_222_3121","I21","LB_37","1","1",0.975523642124222,"gyrA_T83I--parC_S87L","PA14","PA14","3121"
"PA14_lacZ_d","1_222_3121","I21","LB_37","1","2",0.993872545326969,"gyrA_T83I--parC_S87L","PA14","PA14","3121"
"PA14_lacZ_d","1_222_3121","I21","LB_37","1","3",1.01340309202428,"gyrA_T83I--parC_S87L","PA14","PA14","3121"
"PA14_lacZ_d","1_222_3121","I21","LB_37","1","4",0.994238687866322,"gyrA_T83I--parC_S87L","PA14","PA14","3121"
"PA14_lacZ_d","1_222_3121","I21","LB_37","1","5",0.977296025992179,"gyrA_T83I--parC_S87L","PA14","PA14","3121"
"PA14_lacZ_d","1_222_3312","I22","LB_37","1","1",1.00685717751226,"gyrA_T83I--parC_S87L","PA14","PA14","3312"
"PA14_lacZ_d","1_222_3312","I22","LB_37","1","2",0.991847421507212,"gyrA_T83I--parC_S87L","PA14","PA14","3312"
"PA14_lacZ_d","1_222_3312","I22","LB_37","1","3",0.995007611779065,"gyrA_T83I--parC_S87L","PA14","PA14","3312"
"PA14_lacZ_d","1_222_3312","I22","LB_37","1","4",1.00250838334411,"gyrA_T83I--parC_S87L","PA14","PA14","3312"
"PA14_lacZ_d","1_222_3312","I22","LB_37","1","5",0.9987405493956,"gyrA_T83I--parC_S87L","PA14","PA14","3312"
"PA14_lacZ_d","1_222_3312","I22","LB_37","1","6",0.985904177410417,"gyrA_T83I--parC_S87L","PA14","PA14","3312"
"PA14_lacZ_d","1_322_1121","I23","LB_37","1","1",0.995389206634499,"gyrA_T83I--parC_S87W","PA14","PA14","1121"
"PA14_lacZ_d","1_322_1121","I23","LB_37","1","2",0.980703215563166,"gyrA_T83I--parC_S87W","PA14","PA14","1121"
"PA14_lacZ_d","1_322_1121","I23","LB_37","1","3",0.991516284960804,"gyrA_T83I--parC_S87W","PA14","PA14","1121"
"PA14_lacZ_d","1_322_1121","I23","LB_37","1","4",0.975944261986393,"gyrA_T83I--parC_S87W","PA14","PA14","1121"
"PA14_lacZ_d","1_322_1121","I23","LB_37","1","5",0.981703076326456,"gyrA_T83I--parC_S87W","PA14","PA14","1121"
"PA14_lacZ_d","1_322_1121","I23","LB_37","1","6",0.999388175207663,"gyrA_T83I--parC_S87W","PA14","PA14","1121"
"PA14_lacZ_d","1_322_2222","I24","LB_37","1","1",0.985400362401738,"gyrA_T83I--parC_S87W","PA14","PA14","2222"
"PA14_lacZ_d","1_322_2222","I24","LB_37","1","2",0.978790853054037,"gyrA_T83I--parC_S87W","PA14","PA14","2222"
"PA14_lacZ_d","1_322_2222","I24","LB_37","1","3",0.994863123979332,"gyrA_T83I--parC_S87W","PA14","PA14","2222"
"PA14_lacZ_d","1_322_2222","I24","LB_37","1","4",0.984013001044919,"gyrA_T83I--parC_S87W","PA14","PA14","2222"
"PA14_lacZ_d","1_322_2222","I24","LB_37","1","5",0.989056301832771,"gyrA_T83I--parC_S87W","PA14","PA14","2222"
"PA14_lacZ_d","1_322_2222","I24","LB_37","1","6",0.997653530520918,"gyrA_T83I--parC_S87W","PA14","PA14","2222"
